{
    "val_catboost": 0.9244359689771021,
    "val_lightgbm": 0.9235182255728377,
    "val_ensemble": 0.9255282151154498
}