{
    "val_catboost": 0.9947816916685762,
    "val_lightgbm": 0.993543410756154,
    "val_ensemble": 0.9952995853659523
}