{
    "catboost": 0.923361860112963,
    "lightgbm": 0.9221356322558951,
    "ensemble": 0.9249736474912299
}