{
    "catboost": 0.11958533371491809,
    "lightgbm": 0.039862587490208545,
    "ensemble": 0.10120417575192997
}