{
    "catboost": 0.9855468886678769,
    "lightgbm": 0.9854786347329176,
    "ensemble": 0.9856328640490625
}