{
    "val_catboost": 0.40303157013342905,
    "val_lightgbm": 0.3885738547842925,
    "val_ensemble": 0.40727281489111977
}