{
    "catboost": 0.9991538889806693,
    "lightgbm": 0.9980977957226467,
    "ensemble": 0.998815580633008
}