{
    "catboost": 0.9359926208601755,
    "lightgbm": 0.9286819402280552,
    "ensemble": 0.934962890271605
}