{
    "catboost": 0.9974206306772002,
    "lightgbm": 0.9962856591669634,
    "ensemble": 0.9971909270297341
}