{
    "catboost": 0.9969924685941182,
    "lightgbm": 0.9945747801339972,
    "ensemble": 0.9962733579216386
}