{
    "catboost": 0.999995655238152,
    "lightgbm": 0.9998476816798527,
    "ensemble": 0.9999603520888951
}