{
    "catboost": 0.982619760695359,
    "lightgbm": 0.9822965301250398,
    "ensemble": 0.9834212099290912
}