{
    "catboost": 0.9947816916685762,
    "lightgbm": 0.994519252957554,
    "ensemble": 0.9956945907055362
}