{
    "val_catboost": 0.9375011304354043,
    "val_lightgbm": 0.9281419377538525,
    "val_ensemble": 0.9351304650969318
}