{
    "val_catboost": 0.11942531680770385,
    "val_lightgbm": 0.07190868771301362,
    "val_ensemble": 0.10988414318934225
}