{
    "catboost": 0.39981614704264057,
    "lightgbm": 0.3946727409908858,
    "ensemble": 0.4039301740760908
}