{
    "catboost": 0.9141489963648833,
    "lightgbm": 0.9094858848971265,
    "ensemble": 0.9154131499200068
}